Image-name-unique,Agranular-insular-area,Anterior-cingulate,Auditory,Cortical-subplate,Ectorhinal,Gustatory,Infralimbic,Medulla,Olfactory,Perirhinal,Pons,Posterior-parietal-association-areas,Prelimbic,Retrosplenial,Somatomotor,Somatosensory,Striatum,Temporal-association-areas,Visceral,Visual,Cerebellum,Hypothalamus,FRP,Hippocampus,Midbrain,Pallidum,Thalamus
Image_1,2.178959328069718,2.8403624663262144,2.4209833430855388,0.7344893578104391,1.058739116447635,0.21431210329717787,1.2308938441523727,0.16033787683924805,2.4085816488219063,0.379355827163404,2.0571455626708377,2.7440431543752775,2.378709822085641,2.427228460326321,2.120720638608034,2.39475421577759,1.98091425566304,2.6824535138589627,2.3071619564606896,0.9854473325988954,0.9046592764978288,0.9984602291025273,0.5140522023097776,1.7494732768736263,0.7601428898608728,0.5128242953017486,1.8758361554554608
Image_2,1.5160815774945928,1.8206656769571379,1.3570434987600364,1.0170527382800345,1.317299446125228,2.3035575045608097,0.5142909234039332,1.0237603335964218,0.09878041082620703,1.9986844912879704,0.36890042564420955,2.518736985874304,1.8007373810169804,2.0499966518655492,0.2584091481232378,0.1740372454152691,1.1236755381814794,2.1791205094373227,1.1929552160144072,1.9253981850695836,1.526174475644221,2.622917837007197,1.0428805252138906,2.4466384240714882,0.766483042032507,1.31887197959046,2.6388259197899098
